[
  {
    "cmd": "getOrganizations",
    "cmdType": "secured",
    "call": "/organization/v3/organizations",
    "type": "GET",
    "accepts": "application/vnd.com.covisint.platform.organization.v1+json"
  },
  {
    "cmd": "createOrganization",
    "cmdType": "unsecured",
    "call": "/organization/v3/organizations",
    "type": "POST",
    "accepts": "application/vnd.com.covisint.platform.organization.v1+json",
    "contentType": "application/vnd.com.covisint.platform.organization.v1+json"
  },
  {
    "cmd": "countOrganizations",
    "cmdType": "unsecured",
    "call": "/organization/v3/organizations/count",
    "type": "GET",
    "accepts": "text/plain"
  },
  {
    "cmd": "getOrganizationRequests",
    "cmdType": "unsecured",
    "call": "/organization/v3/organizations/requests",
    "type": "POST",
    "accepts": "application/vnd.com.covisint.platform.organization.request.v1+json",
    "contentType": "application/vnd.com.covisint.platform.organization.request.v1+json"
  },
  {
    "cmd": "approveOrganizationRequests",
    "call": "/organization/v3/organizations/requests/tasks/approve",
    "type": "POST",
    "accepts": "application/vnd.com.covisint.platform.organization.request.v1+json",
    "contentType": "application/vnd.com.covisint.platform.organization.request.v1+json"
  },
  {
    "cmd": "denyOrganizationRequests",
    "call": "/organization/v3/organizations/requests/tasks/deny",
    "type": "POST",
    "accepts": "application/vnd.com.covisint.platform.organization.request.v1+json",
    "contentType": "application/vnd.com.covisint.platform.organization.request.v1+json"
  },
  {
    "cmd": "getOrganization",
    "cmdType": "secured",
    "call": "/organization/v3/organizations/{organizationId}",
    "type": "GET",
    "accepts": "application/vnd.com.covisint.platform.organization.v1+json"
  },
  {
    "cmd": "updateOrganization",
    "cmdType": "unsecured",
    "call": "/organization/v3/organizations/{organizationId}",
    "type": "PUT",
    "accepts": "application/vnd.com.covisint.platform.organization.v1+json",
    "contentType": "application/vnd.com.covisint.platform.organization.v1+json"
  },
  {
    "cmd": "getOrganizationHierarchy",
    "call": "/organization/v3/organizations/{organizationId}/hierarchy",
    "type": "GET",
    "accepts": "application/vnd.com.covisint.platform.reference.hierarchy.v1+json"
  },
  {
    "cmd": "getPersons",
    "call": "/person/v3/persons",
    "type": "GET",
    "accepts": "application/vnd.com.covisint.platform.person.v1+json"
  },
  {
    "cmd": "createPerson",
    "call": "/person/v3/persons",
    "type": "POST",
    "accepts": "application/vnd.com.covisint.platform.person.v1+json",
    "contentType": "application/vnd.com.covisint.platform.person.v1+json"
  },
  {
    "cmd": "getPersonsAdmins",
    "call": "/person/v3/persons",
    "type": "GET",
    "accepts": "application/vnd.com.covisint.platform.person.v1+json;securityadmin=true"
  },
  {
    "cmd": "countPersons",
    "call": "/person/v3/persons/count",
    "type": "GET",
    "accepts": "text/plain"
  },
  {
    "cmd": "getPersonRolesOnly",
    "call": "/person/v3/persons/roles/{personId}",
    "type": "GET",
    "accepts": "application/vnd.com.covisint.platform.person.role.v1+json;onlyroles=true"
  },
  {
    "cmd": "getPersonRoles",
    "call": "/person/v3/persons/roles/{personId}",
    "type": "GET",
    "accepts": "application/vnd.com.covisint.platform.person.role.v1+json"
  },
  {
    "cmd": "registerPerson",
    "cmdType": "unsecured",
    "call": "/person/v3/persons/registration",
    "type": "POST",
    "accepts": "application/vnd.com.covisint.platform.person.password.account.v1+json",
    "contentType": "application/vnd.com.covisint.platform.person.password.account.v1+json"
  },
  {
    "cmd": "getRegistrationStatus",
    "call": "/person/v3/persons/registration/status",
    "type": "GET",
    "accepts": "application/vnd.com.covisint.platform.person.password.account.v1+json"
  },
  {
    "cmd": "validateRegistration",
    "cmdType": "unsecured",
    "call": "/person/v3/persons/registration/validate",
    "type": "POST",
    "accepts": "application/vnd.com.covisint.platform.person.password.account.v1+json",
    "contentType": "application/vnd.com.covisint.platform.person.password.account.v1+json"
  },
  {
    "cmd": "getPersonAttributes",
    "call": "/person/v3/persons/{personId}/templates",
    "type": "GET",
    "accepts": "application/vnd.com.covisint.platform.person.attribute.template.v1+json"
  },
  {
    "cmd": "updatePersonAttributes",
    "call": "/person/v3/persons/{personId}/templates",
    "type": "PUT",
    "accepts": "application/vnd.com.covisint.platform.person.attribute.template.v1+json",
    "contentType": "application/vnd.com.covisint.platform.person.attribute.template.v1+json"
  },
  {
    "cmd": "deletePersonAttributes",
    "call": "/person/v3/persons/{personId}/templates",
    "type": "DELETE",
    "accepts": "application/vnd.com.covisint.platform.person.attribute.template.v1+json"
  },
  {
    "cmd": "validatePassword",
    "cmdType": "unsecured",
    "call": "/person/v3/persons/password/validate",
    "type": "POST",
    "accepts": "application/vnd.com.covisint.platform.password.validation.response.v1+json",
    "contentType": "application/vnd.com.covisint.platform.password.validation.v1+json"
  },
  {
    "cmd": "getPerson",
    "call": "/person/v3/persons/{personId}",
    "type": "GET",
    "accepts": "application/vnd.com.covisint.platform.person.v1+json"
  },
  {
    "cmd": "updatePerson",
    "call": "/person/v3/persons/{personId}",
    "type": "PUT",
    "accepts": "application/vnd.com.covisint.platform.person.v1+json",
    "contentType": "application/vnd.com.covisint.platform.person.v1+json"
  },
  {
    "cmd": "activatePerson",
    "call": "/person/v3/persons/tasks/activate",
    "type": "POST",
    "accepts": "application/vnd.com.covisint.platform.person.v1+json",
    "contentType": "application/vnd.com.covisint.platform.person.v1+json"
  },
  {
    "cmd": "suspendPerson",
    "call": "/person/v3/persons/tasks/suspend",
    "type": "POST",
    "accepts": "application/vnd.com.covisint.platform.person.v1+json",
    "contentType": "application/vnd.com.covisint.platform.person.v1+json"
  },
  {
    "cmd": "unsuspendPerson",
    "call": "/person/v3/persons/tasks/unsuspend",
    "type": "POST",
    "accepts": "application/vnd.com.covisint.platform.person.v1+json",
    "contentType": "application/vnd.com.covisint.platform.person.v1+json"
  },
  {
    "cmd": "getPersonInvitations",
    "call": "/person/v3/personInvitations",
    "type": "GET",
    "accepts": "application/vnd.com.covisint.platform.person.invitation.v1+json"
  },
  {
    "cmd": "createPersonInvitation",
    "call": "/person/v3/personInvitations",
    "type": "POST",
    "accepts": "application/vnd.com.covisint.platform.person.invitation.v1+json",
    "contentType": "application/vnd.com.covisint.platform.person.invitation.v1+json"
  },
  {
    "cmd": "getPersonInvitation",
    "cmdType": "unsecured",
    "call": "/person/v3/personInvitations/{invitationId}",
    "type": "GET",
    "accepts": "application/vnd.com.covisint.platform.person.invitation.v1+json"
  },
  {
    "cmd": "deletePersonInvitation",
    "cmdType": "unsecured",
    "call": "/person/v3/personInvitations/{invitationId}",
    "type": "DELETE",
    "accepts": "application/vnd.com.covisint.platform.person.invitation.v1+json"
  },
  {
    "cmd": "acceptPersonInvitation",
    "call": "/person/v3/personInvitations/tasks/accept",
    "type": "POST",
    "accepts": "application/vnd.com.covisint.platform.person.invitation.v1+json",
    "contentType": "application/vnd.com.covisint.platform.person.invitation.v1+json"
  },
  {
    "cmd": "getPersonRequests",
    "call": "/person/v3/requests",
    "type": "GET",
    "accepts": "application/vnd.com.covisint.platform.person.request.v1+json"
  },
  {
    "cmd": "createPersonRequest",
    "cmdType": "unsecured",
    "call": "/person/v3/requests",
    "type": "POST",
    "accepts": "application/vnd.com.covisint.platform.person.request.v1+json",
    "contentType": "application/vnd.com.covisint.platform.person.request.v1+json"
  },
  {
    "cmd": "getPersonRequest",
    "call": "/person/v3/requests/{requestId}",
    "type": "GET",
    "accepts": "application/vnd.com.covisint.platform.person.request.v1+json"
  },
  {
    "cmd": "deletePersonRequest",
    "call": "/person/v3/requests/{requestId}",
    "type": "DELETE",
    "accepts": "application/vnd.com.covisint.platform.person.request.v1+json"
  },
  {
    "cmd": "approvePersonRequest",
    "call": "/person/v3/requests/tasks/approve",
    "type": "POST",
    "accepts": "application/vnd.com.covisint.platform.person.request.v1+json",
    "contentType": "application/vnd.com.covisint.platform.person.request.v1+json"
  },
  {
    "cmd": "denyPersonRequest",
    "call": "/person/v3/requests/tasks/deny",
    "type": "POST",
    "accepts": "application/vnd.com.covisint.platform.person.request.v1+json",
    "contentType": "application/vnd.com.covisint.platform.person.request.v1+json"
  },
  {
    "cmd": "getPersonPassword",
    "call": "/person/v3/persons/{personId}/accounts/password",
    "type": "GET",
    "accepts": "application/vnd.com.covisint.platform.person.account.password.v1+json"
  },
  {
    "cmd": "createPersonPassword",
    "call": "/person/v3/persons/{personId}/accounts/password",
    "type": "PUT",
    "accepts": "application/vnd.com.covisint.platform.person.account.password.v1+json",
    "contentType": "application/vnd.com.covisint.platform.person.account.password.v1+json"
  },
  {
    "cmd": "updatePersonPassword",
    "call": "/person/v3/persons/{personId}/accounts/password",
    "type": "PUT",
    "accepts": "application/vnd.com.covisint.platform.person.account.password.v1+json",
    "contentType": "application/vnd.com.covisint.platform.person.account.password.v1+json"
  },
  {
    "cmd": "getServices",
    "call": "/service/v3/services",
    "type": "GET",
    "accepts": "application/vnd.com.covisint.platform.service.v1+json"
  },
  {
    "cmd": "createService",
    "call": "/service/v3/services",
    "type": "POST",
    "accepts": "application/vnd.com.covisint.platform.service.v1+json",
    "contentType": "application/vnd.com.covisint.platform.service.v1+json"
  },
  {
    "cmd": "getService",
    "call": "/service/v3/services/{serviceId}",
    "type": "GET",
    "accepts": "application/vnd.com.covisint.platform.service.v1+json"
  },
  {
    "cmd": "getPackageServices",
    "call": "/service/v3/packages/{packageId}/services",
    "type": "GET",
    "accepts": "application/vnd.com.covisint.platform.service.v1+json"
  },
  {
    "cmd": "getPackages",
    "call": "/service/v3/packages",
    "type": "GET",
    "accepts": "application/vnd.com.covisint.platform.package.v1+json"
  },
  {
    "cmd": "createPackage",
    "call": "/service/v3/packages",
    "type": "POST",
    "accepts": "application/vnd.com.covisint.platform.package.v1+json",
    "contentType": "application/vnd.com.covisint.platform.package.v1+json"
  },
  {
    "cmd": "countPackages",
    "call": "/service/v3/packages/count",
    "type": "GET",
    "accepts": "text/plain"
  },
  {
    "cmd": "getRequestablePersonPackages",
    "call": "/service/v3/packages/persons/{personId}/requestable",
    "type": "GET",
    "accepts": "application/vnd.com.covisint.platform.package.v1+json"
  },
  {
    "cmd": "getRequestableOrganizationPackages",
    "call": "/service/v3/packages/organizations/{organizationId}/requestable",
    "type": "GET",
    "accepts": "application/vnd.com.covisint.platform.package.v1+json"
  },
  {
    "cmd": "getPackage",
    "cmdType": "unsecured",
    "call": "/service/v3/packages/{packageId}",
    "type": "GET",
    "accepts": "application/vnd.com.covisint.platform.package.v1+json"
  },
  {
    "cmd": "assignService",
    "call": "/service/v3/packages/tasks/assignServiceMembership",
    "type": "POST"
  },
  {
    "cmd": "removeService",
    "call": "/service/v3/packages/tasks/removeServiceMembership",
    "type": "POST"
  },
  {
    "cmd": "getPersonPackages",
    "call": "/service/v3/persons/{personId}/packages",
    "type": "GET",
    "accepts": "application/vnd.com.covisint.platform.package.grant.v1+json"
  },
  {
    "cmd": "getPersonPackage",
    "call": "/service/v3/persons/{personId}/packages/{packageId}",
    "type": "GET",
    "accepts": "application/vnd.com.covisint.platform.package.grant.v1+json"
  },
  {
    "cmd": "grantPersonPackage",
    "call": "/service/v3/persons/{personId}/packages/{packageId}",
    "type": "PUT",
    "accepts": "application/vnd.com.covisint.platform.package.grant.v1+json",
    "contentType": "application/vnd.com.covisint.platform.package.grant.v1+json"
  },
  {
    "cmd": "getOrganizationPackages",
    "cmdType": "secured",
    "call": "/service/v3/organizations/{organizationId}/packages",
    "type": "GET",
    "accepts": "application/vnd.com.covisint.platform.package.grant.v1+json"
  },
  {
    "cmd": "getOrganizationPackage",
    "call": "/service/v3/organizations/{organizationId}/packages/{packageId}",
    "type": "GET",
    "accepts": "application/vnd.com.covisint.platform.package.grant.v1+json"
  },
  {
    "cmd": "grantOrganizationPackage",
    "call": "/service/v3/organizations/{organizationId}/packages/{packageId}",
    "type": "PUT",
    "accepts": "application/vnd.com.covisint.platform.package.grant.v1+json",
    "contentType": "application/vnd.com.covisint.platform.package.grant.v1+json"
  },
  {
    "cmd": "getPackageRequests",
    "call": "/service/v3/requests",
    "type": "GET",
    "accepts": "application/vnd.com.covisint.platform.package.request.v1+json"
  },
  {
    "cmd": "createPackageRequest",
    "call": "/service/v3/requests",
    "type": "POST",
    "accepts": "application/vnd.com.covisint.platform.package.request.v1+json",
    "contentType": "application/vnd.com.covisint.platform.package.request.v1+json"
  },
  {
    "cmd": "getPackageRequest",
    "call": "/service/v3/requests/{requestId}",
    "type": "GET",
    "accepts": "application/vnd.com.covisint.platform.package.request.v1+json"
  },
  {
    "cmd": "deletePackageRequest",
    "call": "/service/v3/requests/{requestId}",
    "type": "DELETE",
    "accepts": "application/vnd.com.covisint.platform.package.request.v1+json"
  },
  {
    "cmd": "approvePackageRequest",
    "call": "/service/v3/requests/tasks/approve",
    "type": "POST"
  },
  {
    "cmd": "denyPackageRequest",
    "call": "/service/v3/requests/tasks/deny",
    "type": "POST"
  },
  {
    "cmd": "getPackageGrants",
    "call": "/service/v3/grants",
    "type": "GET",
    "accepts": "application/vnd.com.covisint.platform.package.grant.v1"
  },
  {
    "cmd": "getPersonClaims",
    "call": "/service/v3/persons/{personId}/claims",
    "type": "GET",
    "accepts": "application/vnd.com.covisint.platform.package.grant.claim.v1"
  },
  {
    "cmd": "getPersonPackageClaims",
    "call": "/service/v3/persons/{personId}/packages/{packageId}/claims",
    "type": "GET",
    "accepts": "application/vnd.com.covisint.platform.package.grant.claim.v1"
  },
  {
    "cmd": "getGroups",
    "call": "/group/v2/groups",
    "type": "GET",
    "accepts": "application/vnd.com.covisint.platform.group.v1+json;includeEntitlements"
  },
  {
    "cmd": "createGroup",
    "call": "/group/v2/groups",
    "type": "POST",
    "accepts": "application/vnd.com.covisint.platform.group.v1+json;includeEntitlements",
    "contentType": "application/vnd.com.covisint.platform.group.v1+json;includeEntitlements"
  },
  {
    "cmd": "getGroup",
    "call": "/group/v2/groups/{groupId}",
    "type": "GET",
    "accepts": "application/vnd.com.covisint.platform.group.v1+json;includeEntitlements"
  },
  {
    "cmd": "updateGroup",
    "call": "/group/v2/groups/{groupId}",
    "type": "PUT",
    "accepts": "application/vnd.com.covisint.platform.group.v1+json;includeEntitlements",
    "contentType": "application/vnd.com.covisint.platform.group.v1+json;includeEntitlements"
  },
  {
    "cmd": "getGroupEntitlements",
    "call": "/group/v2/groups/{groupId}/entitlements",
    "type": "GET",
    "accepts": "application/vnd.com.covisint.platform.group.entitlement.v1+json"
  },
  {
    "cmd": "createGroupEntitlement",
    "call": "/group/v2/groups/{groupId}/entitlements",
    "type": "POST",
    "accepts": "application/vnd.com.covisint.platform.group.entitlement.v1+json",
    "contentType": "application/vnd.com.covisint.platform.group.entitlement.v1+json"
  },
  {
    "cmd": "getGroupEntitlement",
    "call": "/group/v2/groups/{groupId}/entitlements/{groupEntitlementId}",
    "type": "GET",
    "accepts": "application/vnd.com.covisint.platform.group.entitlement.v1+json"
  },
  {
    "cmd": "deleteGroupEntitlement",
    "call": "/group/v2/groups/{groupId}/entitlements/{groupEntitlementId}",
    "type": "DELETE",
    "accepts": "application/vnd.com.covisint.platform.group.entitlement.v1+json"
  },
  {
    "cmd": "createGroupMemberships",
    "call": "/group/v2/groups/{groupId}/memberships",
    "type": "POST",
    "accepts": "application/vnd.com.covisint.platform.group.membership.v1+json",
    "contentType": "application/vnd.com.covisint.platform.group.membership.v1+json"
  },
  {
    "cmd": "getGroupMemberships",
    "call": "/group/v2/groups/{groupId}/memberships",
    "type": "GET",
    "accepts": "application/vnd.com.covisint.platform.group.membership.v1+json;includeGroupAndEntitlements;includeGroup"
  },
  {
    "cmd": "getGroupMembership",
    "call": "/group/v2/groups/{groupId}/memberships/{groupMembershipId}",
    "type": "GET",
    "accepts": "application/vnd.com.covisint.platform.group.membership.v1+json"
  },
  {
    "cmd": "deleteGroupMembership",
    "call": "/group/v2/groups/{groupId}/memberships/{groupMembershipId}",
    "type": "DELETE",
    "accepts": "application/vnd.com.covisint.platform.group.membership.v1+json"
  },
  {
    "cmd": "getMemberMemberships",
    "call": "/group/v2/memberships",
    "type": "GET",
    "accepts": "application/vnd.com.covisint.platform.group.membership.v1+json;includeGroupAndEntitlements;includeGroup"
  },
  {
    "cmd": "getSecurityQuestions",
    "cmdType": "secured",
    "call": "/authn/v4/securityQuestions",
    "type": "GET",
    "accepts": "application/vnd.com.covisint.platform.securityquestion.v1+json"
  },
  {
    "cmd": "createSecurityQuestions",
    "call": "/authn/v4/securityQuestions/{personId}",
    "type": "PUT",
    "accepts": "application/vnd.com.covisint.platform.securityquestion.v1+json",
    "contentType": "application/vnd.com.covisint.platform.securityquestion.v1+json"
  },
  {
    "cmd": "updateSecurityQuestions",
    "call": "/authn/v4/securityQuestions/{personId}",
    "type": "PUT",
    "accepts": "application/vnd.com.covisint.platform.securityquestion.v1+json",
    "contentType": "application/vnd.com.covisint.platform.securityquestion.v1+json"
  },
  {
    "cmd": "authnNonceValidate",
    "cmdType": "unsecured",
    "call": "/authn/v4/authn/nonce/validate",
    "type": "PUT",
    "accepts": "application/vnd.com.covisint.platform.authn.nonce.v1+json",
    "contentType": "application/vnd.com.covisint.platform.authn.nonce.v1+json"
  },
  {
    "cmd": "sessionNonceValidate",
    "cmdType": "unsecured",
    "call": "/authn/v4/sessionToken/nonce/validate",
    "type": "POST",
    "accepts": "application/vnd.com.covisint.platform.nonce.request.v1+json",
    "contentType": "application/vnd.com.covisint.platform.nonce.request.v1+json"
  },
  {
    "cmd": "getSecurityQuestionAccount",
    "cmdType": "secured",
    "call": "/authn/v4/persons/{personId}/accounts/securityQuestion",
    "type": "GET",
    "accepts": "application/vnd.com.covisint.platform.person.account.securityQuestion.v1+json"
  },
  {
    "cmd": "createSecurityQuestionAccount",
    "call": "/authn/v4/persons/{personId}/accounts/securityQuestion",
    "type": "PUT",
    "accepts": "application/vnd.com.covisint.platform.person.account.securityQuestion.v1+json",
    "contentType": "application/vnd.com.covisint.platform.person.account.securityQuestion.v1+json"
  },
  {
    "cmd": "updateSecurityQuestionAccount",
    "call": "/authn/v4/persons/{personId}/accounts/securityQuestion",
    "type": "PUT",
    "accepts": "application/vnd.com.covisint.platform.person.account.securityQuestion.v1+json",
    "contentType": "application/vnd.com.covisint.platform.person.account.securityQuestion.v1+json"
  },
  {
    "cmd": "authenticatePassword",
    "call": "/authn/v4/passwords/tasks/authenticate",
    "type": "POST",
    "accepts": "application/vnd.com.covisint.platform.authn.password.resp.v1+json",
    "contentType": "application/vnd.com.covisint.platform.authn.password.resp.v1+json"
  },
  {
    "cmd": "lockPassword",
    "call": "/authn/v4/passwords/tasks/lock",
    "type": "POST",
    "accepts": "application/vnd.com.covisint.platform.password.v1+json",
    "contentType": "application/vnd.com.covisint.platform.password.v1+json"
  },
  {
    "cmd": "unlockPassword",
    "call": "/authn/v4/passwords/tasks/unlock",
    "type": "POST",
    "accepts": "application/vnd.com.covisint.platform.password.v1+json",
    "contentType": "application/vnd.com.covisint.platform.password.v1+json"
  },
  {
    "cmd": "getPasswordPolicies",
    "cmdType": "secured",
    "call": "/authn/v4/passwords/policies",
    "type": "GET",
    "accepts": "application/vnd.com.covisint.platform.password.policy.v1+json"
  },
  {
    "cmd": "createPasswordPolicies",
    "call": "/authn/v4/passwords/policies",
    "type": "POST",
    "accepts": "application/vnd.com.covisint.platform.password.policy.v1+json",
    "contentType": "application/vnd.com.covisint.platform.password.policy.v1+json"
  },
  {
    "cmd": "getPasswordPolicy",
    "cmdType": "secured",
    "call": "/authn/v4/passwords/policies/{policyId}",
    "type": "GET",
    "accepts": "application/vnd.com.covisint.platform.password.policy.v1+json"
  },
  {
    "cmd": "deletePasswordPolicy",
    "cmdType": "secured",
    "call": "/authn/v4/passwords/policies/{policyId}",
    "type": "DELETE",
    "accepts": "application/vnd.com.covisint.platform.password.policy.v1+json"
  },
  {
    "cmd": "getAttributes",
    "call": "/attributes/v1/attributes",
    "type": "GET",
    "accepts": "application/vnd.com.covisint.platform.attribute.v1+json"
  },
  {
    "cmd": "createAttribute",
    "call": "/attributes/v1/attributes",
    "type": "POST",
    "accepts": "application/vnd.com.covisint.platform.attribute.v1+json",
    "contentType": "application/vnd.com.covisint.platform.attribute.v1+json"
  },
  {
    "cmd": "getAttribute",
    "cmdType": "unsecured",
    "call": "/attributes/v1/attributes/{attributeId}",
    "type": "GET",
    "accepts": "application/vnd.com.covisint.platform.attribute.v1+json"
  },
  {
    "cmd": "updateAttribute",
    "cmdType": "unsecured",
    "call": "/attributes/v1/attributes/{attributeId}",
    "type": "PUT",
    "accepts": "application/vnd.com.covisint.platform.attribute.v1+json",
    "contentType": "application/vnd.com.covisint.platform.attribute.v1+json"
  },
  {
    "cmd": "deleteAttribute",
    "cmdType": "unsecured",
    "call": "/attributes/v1/attributes/{attributeId}",
    "type": "DELETE",
    "accepts": "application/vnd.com.covisint.platform.attribute.v1+json"
  },
  {
    "cmd": "getAttributeTemplates",
    "cmdType": "unsecured",
    "call": "/attributes/v1/attributeTemplates",
    "type": "GET",
    "accepts": "application/vnd.com.covisint.platform.attribute.template.v1+json"
  },
  {
    "cmd": "getAttributeTemplate",
    "cmdType": "unsecured",
    "call": "/attributes/v1/attributeTemplates/{attributeTemplateId}",
    "type": "GET",
    "accepts": "application/vnd.com.covisint.platform.attribute.template.v1+json"
  },
  {
    "cmd": "deleteAttributeTemplate",
    "cmdType": "unsecured",
    "call": "/attributes/v1/attributeTemplates/{attributeTemplateId}",
    "type": "DELETE",
    "accepts": "application/vnd.com.covisint.platform.attribute.template.v1+json"
  },
  {
    "cmd": "createAttributeTemplate",
    "cmdType": "unsecured",
    "call": "/attributes/v1/attributeTemplates/{attributeTemplateId}",
    "type": "POST",
    "accepts": "application/vnd.com.covisint.platform.attribute.template.v1+json",
    "contentType": "application/vnd.com.covisint.platform.attribute.template.v1+json"
  },
  {
    "cmd": "updateAttributeTemplate",
    "cmdType": "unsecured",
    "call": "/attributes/v1/attributeTemplates/{attributeTemplateId}",
    "type": "PUT",
    "accepts": "application/vnd.com.covisint.platform.attribute.template.v1+json",
    "contentType": "application/vnd.com.covisint.platform.attribute.template.v1+json"
  }
]
